KEY,URL,NUMBER
吴亦凡被激光照射,http://www.baidu.com/baidu?cl=3&tn=SE_baiduhomet8_jmjb7mjw&rsv_dl=fyb_top&fr=top1000&wd=%CE%E2%D2%E0%B7%B2%B1%BB%BC%A4%B9%E2%D5%D5%C9%E4,8043728
王一博拍黄瓜,http://www.baidu.com/baidu?cl=3&tn=SE_baiduhomet8_jmjb7mjw&rsv_dl=fyb_top&fr=top1000&wd=%CD%F5%D2%BB%B2%A9%C5%C4%BB%C6%B9%CF,7529066
三星折叠屏5G手机,http://www.baidu.com/baidu?cl=3&tn=SE_baiduhomet8_jmjb7mjw&rsv_dl=fyb_top&fr=top1000&wd=%C8%FD%D0%C7%D5%DB%B5%FE%C6%C15G%CA%D6%BB%FA,6103301
PDX101造假录音,http://www.baidu.com/baidu?cl=3&tn=SE_baiduhomet8_jmjb7mjw&rsv_dl=fyb_top&fr=top1000&wd=PDX101%D4%EC%BC%D9%C2%BC%D2%F4,5985732
热依扎新恋情,http://www.baidu.com/baidu?cl=3&tn=SE_baiduhomet8_jmjb7mjw&rsv_dl=fyb_top&fr=top1000&wd=%C8%C8%D2%C0%D4%FA%D0%C2%C1%B5%C7%E9,5148842
15万包裹被销毁,http://www.baidu.com/baidu?cl=3&tn=SE_baiduhomet8_jmjb7mjw&rsv_dl=fyb_top&fr=top1000&wd=15%CD%F2%B0%FC%B9%FC%B1%BB%CF%FA%BB%D9,4745704
5G是把双刃剑,http://www.baidu.com/baidu?cl=3&tn=SE_baiduhomet8_jmjb7mjw&rsv_dl=fyb_top&fr=top1000&wd=5G%CA%C7%B0%D1%CB%AB%C8%D0%BD%A3,4409968
田馥甄晒宵夜,http://www.baidu.com/baidu?cl=3&tn=SE_baiduhomet8_jmjb7mjw&rsv_dl=fyb_top&fr=top1000&wd=%CC%EF%F0%A5%D5%E7%C9%B9%CF%FC%D2%B9,4339525
医院职工拉人住院,http://www.baidu.com/baidu?cl=3&tn=SE_baiduhomet8_jmjb7mjw&rsv_dl=fyb_top&fr=top1000&wd=%D2%BD%D4%BA%D6%B0%B9%A4%C0%AD%C8%CB%D7%A1%D4%BA,4323149
联邦快递回应涉枪,http://www.baidu.com/baidu?cl=3&tn=SE_baiduhomet8_jmjb7mjw&rsv_dl=fyb_top&fr=top1000&wd=%C1%AA%B0%EE%BF%EC%B5%DD%BB%D8%D3%A6%C9%E6%C7%B9,4290285
松鼠拼拼回应传闻,http://www.baidu.com/baidu?cl=3&tn=SE_baiduhomet8_jmjb7mjw&rsv_dl=fyb_top&fr=top1000&wd=%CB%C9%CA%F3%C6%B4%C6%B4%BB%D8%D3%A6%B4%AB%CE%C5,4208030
打老师案维持原判,http://www.baidu.com/baidu?cl=3&tn=SE_baiduhomet8_jmjb7mjw&rsv_dl=fyb_top&fr=top1000&wd=%B4%F2%C0%CF%CA%A6%B0%B8%CE%AC%B3%D6%D4%AD%C5%D0,4129730
阿什利科尔退役,http://www.baidu.com/baidu?cl=3&tn=SE_baiduhomet8_jmjb7mjw&rsv_dl=fyb_top&fr=top1000&wd=%B0%A2%CA%B2%C0%FB%BF%C6%B6%FB%CD%CB%D2%DB,4055884
袭击记者保释被拒,http://www.baidu.com/baidu?cl=3&tn=SE_baiduhomet8_jmjb7mjw&rsv_dl=fyb_top&fr=top1000&wd=%CF%AE%BB%F7%BC%C7%D5%DF%B1%A3%CA%CD%B1%BB%BE%DC,3864497
希努尔获政府补助,http://www.baidu.com/baidu?cl=3&tn=SE_baiduhomet8_jmjb7mjw&rsv_dl=fyb_top&fr=top1000&wd=%CF%A3%C5%AC%B6%FB%BB%F1%D5%FE%B8%AE%B2%B9%D6%FA,3839329
人类为冰川办葬礼,http://www.baidu.com/baidu?cl=3&tn=SE_baiduhomet8_jmjb7mjw&rsv_dl=fyb_top&fr=top1000&wd=%C8%CB%C0%E0%CE%AA%B1%F9%B4%A8%B0%EC%D4%E1%C0%F1,3717312
中国女篮夺冠,http://www.baidu.com/baidu?cl=3&tn=SE_baiduhomet8_jmjb7mjw&rsv_dl=fyb_top&fr=top1000&wd=%D6%D0%B9%FA%C5%AE%C0%BA%B6%E1%B9%DA,3710702
小学初中公民同招,http://www.baidu.com/baidu?cl=3&tn=SE_baiduhomet8_jmjb7mjw&rsv_dl=fyb_top&fr=top1000&wd=%D0%A1%D1%A7%B3%F5%D6%D0%B9%AB%C3%F1%CD%AC%D5%D0,3683232
香港刘娟娟病逝,http://www.baidu.com/baidu?cl=3&tn=SE_baiduhomet8_jmjb7mjw&rsv_dl=fyb_top&fr=top1000&wd=%CF%E3%B8%DB%C1%F5%BE%EA%BE%EA%B2%A1%CA%C5,3639707
苏炳添无缘决赛,http://www.baidu.com/baidu?cl=3&tn=SE_baiduhomet8_jmjb7mjw&rsv_dl=fyb_top&fr=top1000&wd=%CB%D5%B1%FE%CC%ED%CE%DE%D4%B5%BE%F6%C8%FC,3223732
英政府报告遭泄露,http://www.baidu.com/baidu?cl=3&tn=SE_baiduhomet8_jmjb7mjw&rsv_dl=fyb_top&fr=top1000&wd=%D3%A2%D5%FE%B8%AE%B1%A8%B8%E6%D4%E2%D0%B9%C2%B6,3043701
武磊首发险造点球,http://www.baidu.com/baidu?cl=3&tn=SE_baiduhomet8_jmjb7mjw&rsv_dl=fyb_top&fr=top1000&wd=%CE%E4%C0%DA%CA%D7%B7%A2%CF%D5%D4%EC%B5%E3%C7%F2,2959257
哪吒票房破40亿,http://www.baidu.com/baidu?cl=3&tn=SE_baiduhomet8_jmjb7mjw&rsv_dl=fyb_top&fr=top1000&wd=%C4%C4%DF%B8%C6%B1%B7%BF%C6%C640%D2%DA,2754721
吕挺被批准为烈士,http://www.baidu.com/baidu?cl=3&tn=SE_baiduhomet8_jmjb7mjw&rsv_dl=fyb_top&fr=top1000&wd=%C2%C0%CD%A6%B1%BB%C5%FA%D7%BC%CE%AA%C1%D2%CA%BF,2647279
花式逃票480次,http://www.baidu.com/baidu?cl=3&tn=SE_baiduhomet8_jmjb7mjw&rsv_dl=fyb_top&fr=top1000&wd=%BB%A8%CA%BD%CC%D3%C6%B1480%B4%CE,2498491
地球快没沙子了,http://www.baidu.com/baidu?cl=3&tn=SE_baiduhomet8_jmjb7mjw&rsv_dl=fyb_top&fr=top1000&wd=%B5%D8%C7%F2%BF%EC%C3%BB%C9%B3%D7%D3%C1%CB,2341795
五个一工程奖名单,http://www.baidu.com/baidu?cl=3&tn=SE_baiduhomet8_jmjb7mjw&rsv_dl=fyb_top&fr=top1000&wd=%CE%E5%B8%F6%D2%BB%B9%A4%B3%CC%BD%B1%C3%FB%B5%A5,2326104
帝吧出征香港,http://www.baidu.com/baidu?cl=3&tn=SE_baiduhomet8_jmjb7mjw&rsv_dl=fyb_top&fr=top1000&wd=%B5%DB%B0%C9%B3%F6%D5%F7%CF%E3%B8%DB,2204306
深圳本地股涨停潮,http://www.baidu.com/baidu?cl=3&tn=SE_baiduhomet8_jmjb7mjw&rsv_dl=fyb_top&fr=top1000&wd=%C9%EE%DB%DA%B1%BE%B5%D8%B9%C9%D5%C7%CD%A3%B3%B1,2076726
泰国儒艮宝宝离世,http://www.baidu.com/baidu?cl=3&tn=SE_baiduhomet8_jmjb7mjw&rsv_dl=fyb_top&fr=top1000&wd=%CC%A9%B9%FA%C8%E5%F4%DE%B1%A6%B1%A6%C0%EB%CA%C0,2041693
联通回应4G降速,http://www.baidu.com/baidu?cl=3&tn=SE_baiduhomet8_jmjb7mjw&rsv_dl=fyb_top&fr=top1000&wd=%C1%AA%CD%A8%BB%D8%D3%A64G%BD%B5%CB%D9,1995552
中国医师节,http://www.baidu.com/baidu?cl=3&tn=SE_baiduhomet8_jmjb7mjw&rsv_dl=fyb_top&fr=top1000&wd=%D6%D0%B9%FA%D2%BD%CA%A6%BD%DA,1941895
徐冬冬饰演小龙女,http://www.baidu.com/baidu?cl=3&tn=SE_baiduhomet8_jmjb7mjw&rsv_dl=fyb_top&fr=top1000&wd=%D0%EC%B6%AC%B6%AC%CA%CE%D1%DD%D0%A1%C1%FA%C5%AE,1823135
冉莹颖承认生三胎,http://www.baidu.com/baidu?cl=3&tn=SE_baiduhomet8_jmjb7mjw&rsv_dl=fyb_top&fr=top1000&wd=%C8%BD%D3%A8%D3%B1%B3%D0%C8%CF%C9%FA%C8%FD%CC%A5,1751656
上海大学副教授失联,http://www.baidu.com/baidu?cl=3&tn=SE_baiduhomet8_jmjb7mjw&rsv_dl=fyb_top&fr=top1000&wd=%C9%CF%BA%A3%B4%F3%D1%A7%B8%B1%BD%CC%CA%DA%CA%A7%C1%AA,1731944
演员彼得方达去世,http://www.baidu.com/baidu?cl=3&tn=SE_baiduhomet8_jmjb7mjw&rsv_dl=fyb_top&fr=top1000&wd=%D1%DD%D4%B1%B1%CB%B5%C3%B7%BD%B4%EF%C8%A5%CA%C0,1730674
何超莲探班窦骁,http://www.baidu.com/baidu?cl=3&tn=SE_baiduhomet8_jmjb7mjw&rsv_dl=fyb_top&fr=top1000&wd=%BA%CE%B3%AC%C1%AB%CC%BD%B0%E0%F1%BC%E6%E7,1629164
埃神办完入籍手续,http://www.baidu.com/baidu?cl=3&tn=SE_baiduhomet8_jmjb7mjw&rsv_dl=fyb_top&fr=top1000&wd=%B0%A3%C9%F1%B0%EC%CD%EA%C8%EB%BC%AE%CA%D6%D0%F8,1628418
具惠善删婚变内容,http://www.baidu.com/baidu?cl=3&tn=SE_baiduhomet8_jmjb7mjw&rsv_dl=fyb_top&fr=top1000&wd=%BE%DF%BB%DD%C9%C6%C9%BE%BB%E9%B1%E4%C4%DA%C8%DD,1626863
李嘉诚捐款5亿,http://www.baidu.com/baidu?cl=3&tn=SE_baiduhomet8_jmjb7mjw&rsv_dl=fyb_top&fr=top1000&wd=%C0%EE%BC%CE%B3%CF%BE%E8%BF%EE5%D2%DA,1568290
哪吒票房破41亿,http://www.baidu.com/baidu?cl=3&tn=SE_baiduhomet8_jmjb7mjw&rsv_dl=fyb_top&fr=top1000&wd=%C4%C4%DF%B8%C6%B1%B7%BF%C6%C641%D2%DA,1499230
何雯娜否认怀孕,http://www.baidu.com/baidu?cl=3&tn=SE_baiduhomet8_jmjb7mjw&rsv_dl=fyb_top&fr=top1000&wd=%BA%CE%F6%A9%C4%C8%B7%F1%C8%CF%BB%B3%D4%D0,1483673
深圳被委以重任,http://www.baidu.com/baidu?cl=3&tn=SE_baiduhomet8_jmjb7mjw&rsv_dl=fyb_top&fr=top1000&wd=%C9%EE%DB%DA%B1%BB%CE%AF%D2%D4%D6%D8%C8%CE,1463351
具惠善安宰贤离婚,http://www.baidu.com/baidu?cl=3&tn=SE_baiduhomet8_jmjb7mjw&rsv_dl=fyb_top&fr=top1000&wd=%BE%DF%BB%DD%C9%C6%B0%B2%D4%D7%CF%CD%C0%EB%BB%E9,1450891
烈士吕挺告别仪式,http://www.baidu.com/baidu?cl=3&tn=SE_baiduhomet8_jmjb7mjw&rsv_dl=fyb_top&fr=top1000&wd=%C1%D2%CA%BF%C2%C0%CD%A6%B8%E6%B1%F0%D2%C7%CA%BD,1442663
2020考研报名时间,http://www.baidu.com/baidu?cl=3&tn=SE_baiduhomet8_jmjb7mjw&rsv_dl=fyb_top&fr=top1000&wd=2020%BF%BC%D1%D0%B1%A8%C3%FB%CA%B1%BC%E4,1398396
少年问道退出金马,http://www.baidu.com/baidu?cl=3&tn=SE_baiduhomet8_jmjb7mjw&rsv_dl=fyb_top&fr=top1000&wd=%C9%D9%C4%EA%CE%CA%B5%C0%CD%CB%B3%F6%BD%F0%C2%ED,1252797
黄磊晒二女儿画作,http://www.baidu.com/baidu?cl=3&tn=SE_baiduhomet8_jmjb7mjw&rsv_dl=fyb_top&fr=top1000&wd=%BB%C6%C0%DA%C9%B9%B6%FE%C5%AE%B6%F9%BB%AD%D7%F7,1243563
蔚来澄清回科创板,http://www.baidu.com/baidu?cl=3&tn=SE_baiduhomet8_jmjb7mjw&rsv_dl=fyb_top&fr=top1000&wd=%CE%B5%C0%B4%B3%CE%C7%E5%BB%D8%BF%C6%B4%B4%B0%E5,1209999
男子扫码不付钱,http://www.baidu.com/baidu?cl=3&tn=SE_baiduhomet8_jmjb7mjw&rsv_dl=fyb_top&fr=top1000&wd=%C4%D0%D7%D3%C9%A8%C2%EB%B2%BB%B8%B6%C7%AE,1199555
香港刘娟娟病逝,http://www.baidu.com/baidu?cl=3&tn=SE_baiduhomet8_jmjb7mjw&rsv_dl=fyb_top&fr=top1000&wd=%CF%E3%B8%DB%C1%F5%BE%EA%BE%EA%B2%A1%CA%C5,195785
范冰冰分手内幕,http://www.baidu.com/baidu?cl=3&tn=SE_baiduhomet8_jmjb7mjw&rsv_dl=fyb_top&fr=top1000&wd=%B7%B6%B1%F9%B1%F9%B7%D6%CA%D6%C4%DA%C4%BB,79098
上海大学副教授失联,http://www.baidu.com/baidu?cl=3&tn=SE_baiduhomet8_jmjb7mjw&rsv_dl=fyb_top&fr=top1000&wd=%C9%CF%BA%A3%B4%F3%D1%A7%B8%B1%BD%CC%CA%DA%CA%A7%C1%AA,75221
泰国儒艮宝宝离世,http://www.baidu.com/baidu?cl=3&tn=SE_baiduhomet8_jmjb7mjw&rsv_dl=fyb_top&fr=top1000&wd=%CC%A9%B9%FA%C8%E5%F4%DE%B1%A6%B1%A6%C0%EB%CA%C0,67611
具惠善取关安宰贤,http://www.baidu.com/baidu?cl=3&tn=SE_baiduhomet8_jmjb7mjw&rsv_dl=fyb_top&fr=top1000&wd=%BE%DF%BB%DD%C9%C6%C8%A1%B9%D8%B0%B2%D4%D7%CF%CD,61356
钱塘江鬼王潮将至,http://www.baidu.com/baidu?cl=3&tn=SE_baiduhomet8_jmjb7mjw&rsv_dl=fyb_top&fr=top1000&wd=%C7%AE%CC%C1%BD%AD%B9%ED%CD%F5%B3%B1%BD%AB%D6%C1,61039
女白领发量剩3成,http://www.baidu.com/baidu?cl=3&tn=SE_baiduhomet8_jmjb7mjw&rsv_dl=fyb_top&fr=top1000&wd=%C5%AE%B0%D7%C1%EC%B7%A2%C1%BF%CA%A33%B3%C9,57738
诺基亚7.2曝光,http://www.baidu.com/baidu?cl=3&tn=SE_baiduhomet8_jmjb7mjw&rsv_dl=fyb_top&fr=top1000&wd=%C5%B5%BB%F9%D1%C77.2%C6%D8%B9%E2,54353
徐冬冬饰演小龙女,http://www.baidu.com/baidu?cl=3&tn=SE_baiduhomet8_jmjb7mjw&rsv_dl=fyb_top&fr=top1000&wd=%D0%EC%B6%AC%B6%AC%CA%CE%D1%DD%D0%A1%C1%FA%C5%AE,53998
吕挺被批准为烈士,http://www.baidu.com/baidu?cl=3&tn=SE_baiduhomet8_jmjb7mjw&rsv_dl=fyb_top&fr=top1000&wd=%C2%C0%CD%A6%B1%BB%C5%FA%D7%BC%CE%AA%C1%D2%CA%BF,50420
外部势力乱港实录,http://www.baidu.com/baidu?cl=3&tn=SE_baiduhomet8_jmjb7mjw&rsv_dl=fyb_top&fr=top1000&wd=%CD%E2%B2%BF%CA%C6%C1%A6%C2%D2%B8%DB%CA%B5%C2%BC,49439
网约车费用1万四,http://www.baidu.com/baidu?cl=3&tn=SE_baiduhomet8_jmjb7mjw&rsv_dl=fyb_top&fr=top1000&wd=%CD%F8%D4%BC%B3%B5%B7%D1%D3%C31%CD%F2%CB%C4,49009
黄海波复出,http://www.baidu.com/baidu?cl=3&tn=SE_baiduhomet8_jmjb7mjw&rsv_dl=fyb_top&fr=top1000&wd=%BB%C6%BA%A3%B2%A8%B8%B4%B3%F6,45416
具惠善安宰贤离婚,http://www.baidu.com/baidu?cl=3&tn=SE_baiduhomet8_jmjb7mjw&rsv_dl=fyb_top&fr=top1000&wd=%BE%DF%BB%DD%C9%C6%B0%B2%D4%D7%CF%CD%C0%EB%BB%E9,45284
这才是中国青年,http://www.baidu.com/baidu?cl=3&tn=SE_baiduhomet8_jmjb7mjw&rsv_dl=fyb_top&fr=top1000&wd=%D5%E2%B2%C5%CA%C7%D6%D0%B9%FA%C7%E0%C4%EA,45126
驴友私穿贡嘎去世,http://www.baidu.com/baidu?cl=3&tn=SE_baiduhomet8_jmjb7mjw&rsv_dl=fyb_top&fr=top1000&wd=%C2%BF%D3%D1%CB%BD%B4%A9%B9%B1%B8%C2%C8%A5%CA%C0,44924
唐僧阿sir现身了,http://www.baidu.com/baidu?cl=3&tn=SE_baiduhomet8_jmjb7mjw&rsv_dl=fyb_top&fr=top1000&wd=%CC%C6%C9%AE%B0%A2sir%CF%D6%C9%ED%C1%CB,44577
男孩吃面包身亡,http://www.baidu.com/baidu?cl=3&tn=SE_baiduhomet8_jmjb7mjw&rsv_dl=fyb_top&fr=top1000&wd=%C4%D0%BA%A2%B3%D4%C3%E6%B0%FC%C9%ED%CD%F6,41343
两岁男童误吞水银,http://www.baidu.com/baidu?cl=3&tn=SE_baiduhomet8_jmjb7mjw&rsv_dl=fyb_top&fr=top1000&wd=%C1%BD%CB%EA%C4%D0%CD%AF%CE%F3%CD%CC%CB%AE%D2%F8,40291
演员彼得方达去世,http://www.baidu.com/baidu?cl=3&tn=SE_baiduhomet8_jmjb7mjw&rsv_dl=fyb_top&fr=top1000&wd=%D1%DD%D4%B1%B1%CB%B5%C3%B7%BD%B4%EF%C8%A5%CA%C0,36781
波特兰市警告暴力,http://www.baidu.com/baidu?cl=3&tn=SE_baiduhomet8_jmjb7mjw&rsv_dl=fyb_top&fr=top1000&wd=%B2%A8%CC%D8%C0%BC%CA%D0%BE%AF%B8%E6%B1%A9%C1%A6,36351
冰激淋引起的血案,http://www.baidu.com/baidu?cl=3&tn=SE_baiduhomet8_jmjb7mjw&rsv_dl=fyb_top&fr=top1000&wd=%B1%F9%BC%A4%C1%DC%D2%FD%C6%F0%B5%C4%D1%AA%B0%B8,36283
江西托管所凶案,http://www.baidu.com/baidu?cl=3&tn=SE_baiduhomet8_jmjb7mjw&rsv_dl=fyb_top&fr=top1000&wd=%BD%AD%CE%F7%CD%D0%B9%DC%CB%F9%D0%D7%B0%B8,33804
假扮外卖员打女童,http://www.baidu.com/baidu?cl=3&tn=SE_baiduhomet8_jmjb7mjw&rsv_dl=fyb_top&fr=top1000&wd=%BC%D9%B0%E7%CD%E2%C2%F4%D4%B1%B4%F2%C5%AE%CD%AF,32910
何超莲探班窦骁,http://www.baidu.com/baidu?cl=3&tn=SE_baiduhomet8_jmjb7mjw&rsv_dl=fyb_top&fr=top1000&wd=%BA%CE%B3%AC%C1%AB%CC%BD%B0%E0%F1%BC%E6%E7,32478
男子扫码不付钱,http://www.baidu.com/baidu?cl=3&tn=SE_baiduhomet8_jmjb7mjw&rsv_dl=fyb_top&fr=top1000&wd=%C4%D0%D7%D3%C9%A8%C2%EB%B2%BB%B8%B6%C7%AE,32018
中国新说唱,http://www.baidu.com/baidu?cl=3&tn=SE_baiduhomet8_jmjb7mjw&rsv_dl=fyb_top&fr=top1000&wd=%D6%D0%B9%FA%D0%C2%CB%B5%B3%AA,31875
少年问道退出金马,http://www.baidu.com/baidu?cl=3&tn=SE_baiduhomet8_jmjb7mjw&rsv_dl=fyb_top&fr=top1000&wd=%C9%D9%C4%EA%CE%CA%B5%C0%CD%CB%B3%F6%BD%F0%C2%ED,31452
冉莹颖承认生三胎,http://www.baidu.com/baidu?cl=3&tn=SE_baiduhomet8_jmjb7mjw&rsv_dl=fyb_top&fr=top1000&wd=%C8%BD%D3%A8%D3%B1%B3%D0%C8%CF%C9%FA%C8%FD%CC%A5,30156
联邦快递涉枪被查,http://www.baidu.com/baidu?cl=3&tn=SE_baiduhomet8_jmjb7mjw&rsv_dl=fyb_top&fr=top1000&wd=%C1%AA%B0%EE%BF%EC%B5%DD%C9%E6%C7%B9%B1%BB%B2%E9,28144
岳云鹏当爷爷,http://www.baidu.com/baidu?cl=3&tn=SE_baiduhomet8_jmjb7mjw&rsv_dl=fyb_top&fr=top1000&wd=%D4%C0%D4%C6%C5%F4%B5%B1%D2%AF%D2%AF,26896
曝林书豪加盟首钢,http://www.baidu.com/baidu?cl=3&tn=SE_baiduhomet8_jmjb7mjw&rsv_dl=fyb_top&fr=top1000&wd=%C6%D8%C1%D6%CA%E9%BA%C0%BC%D3%C3%CB%CA%D7%B8%D6,26522
乘奥迪车闯会场,http://www.baidu.com/baidu?cl=3&tn=SE_baiduhomet8_jmjb7mjw&rsv_dl=fyb_top&fr=top1000&wd=%B3%CB%B0%C2%B5%CF%B3%B5%B4%B3%BB%E1%B3%A1,24079
黄磊晒二女儿画作,http://www.baidu.com/baidu?cl=3&tn=SE_baiduhomet8_jmjb7mjw&rsv_dl=fyb_top&fr=top1000&wd=%BB%C6%C0%DA%C9%B9%B6%FE%C5%AE%B6%F9%BB%AD%D7%F7,23508
美国海关电脑故障,http://www.baidu.com/baidu?cl=3&tn=SE_baiduhomet8_jmjb7mjw&rsv_dl=fyb_top&fr=top1000&wd=%C3%C0%B9%FA%BA%A3%B9%D8%B5%E7%C4%D4%B9%CA%D5%CF,23435
还1.4万要一半房,http://www.baidu.com/baidu?cl=3&tn=SE_baiduhomet8_jmjb7mjw&rsv_dl=fyb_top&fr=top1000&wd=%BB%B91.4%CD%F2%D2%AA%D2%BB%B0%EB%B7%BF,23270
赵丽颖将补办婚礼,http://www.baidu.com/baidu?cl=3&tn=SE_baiduhomet8_jmjb7mjw&rsv_dl=fyb_top&fr=top1000&wd=%D5%D4%C0%F6%D3%B1%BD%AB%B2%B9%B0%EC%BB%E9%C0%F1,22329
港姐之母陈紫莲离世,http://www.baidu.com/baidu?cl=3&tn=SE_baiduhomet8_jmjb7mjw&rsv_dl=fyb_top&fr=top1000&wd=%B8%DB%BD%E3%D6%AE%C4%B8%B3%C2%D7%CF%C1%AB%C0%EB%CA%C0,22202
黄晓明中年王子病,http://www.baidu.com/baidu?cl=3&tn=SE_baiduhomet8_jmjb7mjw&rsv_dl=fyb_top&fr=top1000&wd=%BB%C6%CF%FE%C3%F7%D6%D0%C4%EA%CD%F5%D7%D3%B2%A1,21727
熊黛林为老公庆生,http://www.baidu.com/baidu?cl=3&tn=SE_baiduhomet8_jmjb7mjw&rsv_dl=fyb_top&fr=top1000&wd=%D0%DC%F7%EC%C1%D6%CE%AA%C0%CF%B9%AB%C7%EC%C9%FA,21455
北师大退档25人,http://www.baidu.com/baidu?cl=3&tn=SE_baiduhomet8_jmjb7mjw&rsv_dl=fyb_top&fr=top1000&wd=%B1%B1%CA%A6%B4%F3%CD%CB%B5%B525%C8%CB,20784
林志玲爸爸赞女婿,http://www.baidu.com/baidu?cl=3&tn=SE_baiduhomet8_jmjb7mjw&rsv_dl=fyb_top&fr=top1000&wd=%C1%D6%D6%BE%C1%E1%B0%D6%B0%D6%D4%DE%C5%AE%D0%F6,20628
莫斯科大巴事故,http://www.baidu.com/baidu?cl=3&tn=SE_baiduhomet8_jmjb7mjw&rsv_dl=fyb_top&fr=top1000&wd=%C4%AA%CB%B9%BF%C6%B4%F3%B0%CD%CA%C2%B9%CA,20148
沈吉线全线封闭,http://www.baidu.com/baidu?cl=3&tn=SE_baiduhomet8_jmjb7mjw&rsv_dl=fyb_top&fr=top1000&wd=%C9%F2%BC%AA%CF%DF%C8%AB%CF%DF%B7%E2%B1%D5,19772
香港191亿纾民困,http://www.baidu.com/baidu?cl=3&tn=SE_baiduhomet8_jmjb7mjw&rsv_dl=fyb_top&fr=top1000&wd=%CF%E3%B8%DB191%D2%DA%E7%A3%C3%F1%C0%A7,19430
美国下起了塑料雨,http://www.baidu.com/baidu?cl=3&tn=SE_baiduhomet8_jmjb7mjw&rsv_dl=fyb_top&fr=top1000&wd=%C3%C0%B9%FA%CF%C2%C6%F0%C1%CB%CB%DC%C1%CF%D3%EA,18758
孙俪请求停止偷拍,http://www.baidu.com/baidu?cl=3&tn=SE_baiduhomet8_jmjb7mjw&rsv_dl=fyb_top&fr=top1000&wd=%CB%EF%D9%B3%C7%EB%C7%F3%CD%A3%D6%B9%CD%B5%C5%C4,18533
北京经济补偿基数,http://www.baidu.com/baidu?cl=3&tn=SE_baiduhomet8_jmjb7mjw&rsv_dl=fyb_top&fr=top1000&wd=%B1%B1%BE%A9%BE%AD%BC%C3%B2%B9%B3%A5%BB%F9%CA%FD,18086
阿富汗婚礼爆炸案,http://www.baidu.com/baidu?cl=3&tn=SE_baiduhomet8_jmjb7mjw&rsv_dl=fyb_top&fr=top1000&wd=%B0%A2%B8%BB%BA%B9%BB%E9%C0%F1%B1%AC%D5%A8%B0%B8,17660
9名国人被绑架,http://www.baidu.com/baidu?cl=3&tn=SE_baiduhomet8_jmjb7mjw&rsv_dl=fyb_top&fr=top1000&wd=9%C3%FB%B9%FA%C8%CB%B1%BB%B0%F3%BC%DC,17592
范冰冰分手内幕,http://www.baidu.com/baidu?cl=3&tn=SE_baiduhomet8_jmjb7mjw&rsv_dl=fyb_top&fr=top1000&wd=%B7%B6%B1%F9%B1%F9%B7%D6%CA%D6%C4%DA%C4%BB,645547
闫妮与男友分手,http://www.baidu.com/baidu?cl=3&tn=SE_baiduhomet8_jmjb7mjw&rsv_dl=fyb_top&fr=top1000&wd=%E3%C6%C4%DD%D3%EB%C4%D0%D3%D1%B7%D6%CA%D6,565534
章泽天赴剑桥读书,http://www.baidu.com/baidu?cl=3&tn=SE_baiduhomet8_jmjb7mjw&rsv_dl=fyb_top&fr=top1000&wd=%D5%C2%D4%F3%CC%EC%B8%B0%BD%A3%C7%C5%B6%C1%CA%E9,539634
香港机场取消航班,http://www.baidu.com/baidu?cl=3&tn=SE_baiduhomet8_jmjb7mjw&rsv_dl=fyb_top&fr=top1000&wd=%CF%E3%B8%DB%BB%FA%B3%A1%C8%A1%CF%FB%BA%BD%B0%E0,479428
上海堡垒作者致歉,http://www.baidu.com/baidu?cl=3&tn=SE_baiduhomet8_jmjb7mjw&rsv_dl=fyb_top&fr=top1000&wd=%C9%CF%BA%A3%B1%A4%C0%DD%D7%F7%D5%DF%D6%C2%C7%B8,442216
冯绍峰方否认离婚,http://www.baidu.com/baidu?cl=3&tn=SE_baiduhomet8_jmjb7mjw&rsv_dl=fyb_top&fr=top1000&wd=%B7%EB%C9%DC%B7%E5%B7%BD%B7%F1%C8%CF%C0%EB%BB%E9,395379
猪肉价历史最高,http://www.baidu.com/baidu?cl=3&tn=SE_baiduhomet8_jmjb7mjw&rsv_dl=fyb_top&fr=top1000&wd=%D6%ED%C8%E2%BC%DB%C0%FA%CA%B7%D7%EE%B8%DF,394758
男孩吃面包身亡,http://www.baidu.com/baidu?cl=3&tn=SE_baiduhomet8_jmjb7mjw&rsv_dl=fyb_top&fr=top1000&wd=%C4%D0%BA%A2%B3%D4%C3%E6%B0%FC%C9%ED%CD%F6,375362
人民网四问迪士尼,http://www.baidu.com/baidu?cl=3&tn=SE_baiduhomet8_jmjb7mjw&rsv_dl=fyb_top&fr=top1000&wd=%C8%CB%C3%F1%CD%F8%CB%C4%CE%CA%B5%CF%CA%BF%C4%E1,361390
日本移出白名单,http://www.baidu.com/baidu?cl=3&tn=SE_baiduhomet8_jmjb7mjw&rsv_dl=fyb_top&fr=top1000&wd=%C8%D5%B1%BE%D2%C6%B3%F6%B0%D7%C3%FB%B5%A5,358181
黄晓明买两台冰箱,http://www.baidu.com/baidu?cl=3&tn=SE_baiduhomet8_jmjb7mjw&rsv_dl=fyb_top&fr=top1000&wd=%BB%C6%CF%FE%C3%F7%C2%F2%C1%BD%CC%A8%B1%F9%CF%E4,327225
共青团批评薛之谦,http://www.baidu.com/baidu?cl=3&tn=SE_baiduhomet8_jmjb7mjw&rsv_dl=fyb_top&fr=top1000&wd=%B9%B2%C7%E0%CD%C5%C5%FA%C6%C0%D1%A6%D6%AE%C7%AB,315054
腾讯视频道歉,http://www.baidu.com/baidu?cl=3&tn=SE_baiduhomet8_jmjb7mjw&rsv_dl=fyb_top&fr=top1000&wd=%CC%DA%D1%B6%CA%D3%C6%B5%B5%C0%C7%B8,305054
吴谢宇承认弑母,http://www.baidu.com/baidu?cl=3&tn=SE_baiduhomet8_jmjb7mjw&rsv_dl=fyb_top&fr=top1000&wd=%CE%E2%D0%BB%D3%EE%B3%D0%C8%CF%DF%B1%C4%B8,289602
当总统损失50亿,http://www.baidu.com/baidu?cl=3&tn=SE_baiduhomet8_jmjb7mjw&rsv_dl=fyb_top&fr=top1000&wd=%B5%B1%D7%DC%CD%B3%CB%F0%CA%A750%D2%DA,284054
胡歌真的困了,http://www.baidu.com/baidu?cl=3&tn=SE_baiduhomet8_jmjb7mjw&rsv_dl=fyb_top&fr=top1000&wd=%BA%FA%B8%E8%D5%E6%B5%C4%C0%A7%C1%CB,282307
美22州起诉特朗普,http://www.baidu.com/baidu?cl=3&tn=SE_baiduhomet8_jmjb7mjw&rsv_dl=fyb_top&fr=top1000&wd=%C3%C022%D6%DD%C6%F0%CB%DF%CC%D8%C0%CA%C6%D5,272041
徐冬冬饰演小龙女,http://www.baidu.com/baidu?cl=3&tn=SE_baiduhomet8_jmjb7mjw&rsv_dl=fyb_top&fr=top1000&wd=%D0%EC%B6%AC%B6%AC%CA%CE%D1%DD%D0%A1%C1%FA%C5%AE,269639
岳云鹏当爷爷,http://www.baidu.com/baidu?cl=3&tn=SE_baiduhomet8_jmjb7mjw&rsv_dl=fyb_top&fr=top1000&wd=%D4%C0%D4%C6%C5%F4%B5%B1%D2%AF%D2%AF,269085
腾讯员工平均月薪,http://www.baidu.com/baidu?cl=3&tn=SE_baiduhomet8_jmjb7mjw&rsv_dl=fyb_top&fr=top1000&wd=%CC%DA%D1%B6%D4%B1%B9%A4%C6%BD%BE%F9%D4%C2%D0%BD,262131
冰激淋引起的血案,http://www.baidu.com/baidu?cl=3&tn=SE_baiduhomet8_jmjb7mjw&rsv_dl=fyb_top&fr=top1000&wd=%B1%F9%BC%A4%C1%DC%D2%FD%C6%F0%B5%C4%D1%AA%B0%B8,261026
韩国人扎堆到上海,http://www.baidu.com/baidu?cl=3&tn=SE_baiduhomet8_jmjb7mjw&rsv_dl=fyb_top&fr=top1000&wd=%BA%AB%B9%FA%C8%CB%D4%FA%B6%D1%B5%BD%C9%CF%BA%A3,255002
武警车队深圳集结,http://www.baidu.com/baidu?cl=3&tn=SE_baiduhomet8_jmjb7mjw&rsv_dl=fyb_top&fr=top1000&wd=%CE%E4%BE%AF%B3%B5%B6%D3%C9%EE%DB%DA%BC%AF%BD%E1,253993
王思聪房祖名聚餐,http://www.baidu.com/baidu?cl=3&tn=SE_baiduhomet8_jmjb7mjw&rsv_dl=fyb_top&fr=top1000&wd=%CD%F5%CB%BC%B4%CF%B7%BF%D7%E6%C3%FB%BE%DB%B2%CD,242702
美国下起了塑料雨,http://www.baidu.com/baidu?cl=3&tn=SE_baiduhomet8_jmjb7mjw&rsv_dl=fyb_top&fr=top1000&wd=%C3%C0%B9%FA%CF%C2%C6%F0%C1%CB%CB%DC%C1%CF%D3%EA,235881
黄晓明中年王子病,http://www.baidu.com/baidu?cl=3&tn=SE_baiduhomet8_jmjb7mjw&rsv_dl=fyb_top&fr=top1000&wd=%BB%C6%CF%FE%C3%F7%D6%D0%C4%EA%CD%F5%D7%D3%B2%A1,235001
刘雯终止蔻驰合作,http://www.baidu.com/baidu?cl=3&tn=SE_baiduhomet8_jmjb7mjw&rsv_dl=fyb_top&fr=top1000&wd=%C1%F5%F6%A9%D6%D5%D6%B9%DE%A2%B3%DB%BA%CF%D7%F7,232298
上海堡垒票房,http://www.baidu.com/baidu?cl=3&tn=SE_baiduhomet8_jmjb7mjw&rsv_dl=fyb_top&fr=top1000&wd=%C9%CF%BA%A3%B1%A4%C0%DD%C6%B1%B7%BF,229235
香港航班恢复正常,http://www.baidu.com/baidu?cl=3&tn=SE_baiduhomet8_jmjb7mjw&rsv_dl=fyb_top&fr=top1000&wd=%CF%E3%B8%DB%BA%BD%B0%E0%BB%D6%B8%B4%D5%FD%B3%A3,225733
张艺兴与三星解约,http://www.baidu.com/baidu?cl=3&tn=SE_baiduhomet8_jmjb7mjw&rsv_dl=fyb_top&fr=top1000&wd=%D5%C5%D2%D5%D0%CB%D3%EB%C8%FD%D0%C7%BD%E2%D4%BC,216450
46块钱一度电,http://www.baidu.com/baidu?cl=3&tn=SE_baiduhomet8_jmjb7mjw&rsv_dl=fyb_top&fr=top1000&wd=46%BF%E9%C7%AE%D2%BB%B6%C8%B5%E7,214371
关晓彤工作室声明,http://www.baidu.com/baidu?cl=3&tn=SE_baiduhomet8_jmjb7mjw&rsv_dl=fyb_top&fr=top1000&wd=%B9%D8%CF%FE%CD%AE%B9%A4%D7%F7%CA%D2%C9%F9%C3%F7,214265
香港机票处置方案,http://www.baidu.com/baidu?cl=3&tn=SE_baiduhomet8_jmjb7mjw&rsv_dl=fyb_top&fr=top1000&wd=%CF%E3%B8%DB%BB%FA%C6%B1%B4%A6%D6%C3%B7%BD%B0%B8,213213
施华洛世奇道歉,http://www.baidu.com/baidu?cl=3&tn=SE_baiduhomet8_jmjb7mjw&rsv_dl=fyb_top&fr=top1000&wd=%CA%A9%BB%AA%C2%E5%CA%C0%C6%E6%B5%C0%C7%B8,209011
鞋王富贵鸟倒下,http://www.baidu.com/baidu?cl=3&tn=SE_baiduhomet8_jmjb7mjw&rsv_dl=fyb_top&fr=top1000&wd=%D0%AC%CD%F5%B8%BB%B9%F3%C4%F1%B5%B9%CF%C2,202465
男子扫码不付钱,http://www.baidu.com/baidu?cl=3&tn=SE_baiduhomet8_jmjb7mjw&rsv_dl=fyb_top&fr=top1000&wd=%C4%D0%D7%D3%C9%A8%C2%EB%B2%BB%B8%B6%C7%AE,201916
北师大退档25人,http://www.baidu.com/baidu?cl=3&tn=SE_baiduhomet8_jmjb7mjw&rsv_dl=fyb_top&fr=top1000&wd=%B1%B1%CA%A6%B4%F3%CD%CB%B5%B525%C8%CB,200360
范冰冰现身烤羊店,http://www.baidu.com/baidu?cl=3&tn=SE_baiduhomet8_jmjb7mjw&rsv_dl=fyb_top&fr=top1000&wd=%B7%B6%B1%F9%B1%F9%CF%D6%C9%ED%BF%BE%D1%F2%B5%EA,198386
爱泼斯坦死亡之谜,http://www.baidu.com/baidu?cl=3&tn=SE_baiduhomet8_jmjb7mjw&rsv_dl=fyb_top&fr=top1000&wd=%B0%AE%C6%C3%CB%B9%CC%B9%CB%C0%CD%F6%D6%AE%C3%D5,196188
香港刘娟娟病逝,http://www.baidu.com/baidu?cl=3&tn=SE_baiduhomet8_jmjb7mjw&rsv_dl=fyb_top&fr=top1000&wd=%CF%E3%B8%DB%C1%F5%BE%EA%BE%EA%B2%A1%CA%C5,195785
深圳600架无人机,http://www.baidu.com/baidu?cl=3&tn=SE_baiduhomet8_jmjb7mjw&rsv_dl=fyb_top&fr=top1000&wd=%C9%EE%DB%DA600%BC%DC%CE%DE%C8%CB%BB%FA,194172
清华大学开学典礼,http://www.baidu.com/baidu?cl=3&tn=SE_baiduhomet8_jmjb7mjw&rsv_dl=fyb_top&fr=top1000&wd=%C7%E5%BB%AA%B4%F3%D1%A7%BF%AA%D1%A7%B5%E4%C0%F1,194022
利奇马停止编号,http://www.baidu.com/baidu?cl=3&tn=SE_baiduhomet8_jmjb7mjw&rsv_dl=fyb_top&fr=top1000&wd=%C0%FB%C6%E6%C2%ED%CD%A3%D6%B9%B1%E0%BA%C5,190442
哪吒票房破35亿,http://www.baidu.com/baidu?cl=3&tn=SE_baiduhomet8_jmjb7mjw&rsv_dl=fyb_top&fr=top1000&wd=%C4%C4%DF%B8%C6%B1%B7%BF%C6%C635%D2%DA,187880
周大生抽检不合格,http://www.baidu.com/baidu?cl=3&tn=SE_baiduhomet8_jmjb7mjw&rsv_dl=fyb_top&fr=top1000&wd=%D6%DC%B4%F3%C9%FA%B3%E9%BC%EC%B2%BB%BA%CF%B8%F1,181931
吴谢宇作案动机,http://www.baidu.com/baidu?cl=3&tn=SE_baiduhomet8_jmjb7mjw&rsv_dl=fyb_top&fr=top1000&wd=%CE%E2%D0%BB%D3%EE%D7%F7%B0%B8%B6%AF%BB%FA,181409
赵丽颖将补办婚礼,http://www.baidu.com/baidu?cl=3&tn=SE_baiduhomet8_jmjb7mjw&rsv_dl=fyb_top&fr=top1000&wd=%D5%D4%C0%F6%D3%B1%BD%AB%B2%B9%B0%EC%BB%E9%C0%F1,180897
中国人造肉将上市,http://www.baidu.com/baidu?cl=3&tn=SE_baiduhomet8_jmjb7mjw&rsv_dl=fyb_top&fr=top1000&wd=%D6%D0%B9%FA%C8%CB%D4%EC%C8%E2%BD%AB%C9%CF%CA%D0,180878
哪吒票房破40亿,http://www.baidu.com/baidu?cl=3&tn=SE_baiduhomet8_jmjb7mjw&rsv_dl=fyb_top&fr=top1000&wd=%C4%C4%DF%B8%C6%B1%B7%BF%C6%C640%D2%DA,178812
香港191亿纾民困,http://www.baidu.com/baidu?cl=3&tn=SE_baiduhomet8_jmjb7mjw&rsv_dl=fyb_top&fr=top1000&wd=%CF%E3%B8%DB191%D2%DA%E7%A3%C3%F1%C0%A7,175244
上海大学副教授失联,http://www.baidu.com/baidu?cl=3&tn=SE_baiduhomet8_jmjb7mjw&rsv_dl=fyb_top&fr=top1000&wd=%C9%CF%BA%A3%B4%F3%D1%A7%B8%B1%BD%CC%CA%DA%CA%A7%C1%AA,75221
泰国儒艮宝宝离世,http://www.baidu.com/baidu?cl=3&tn=SE_baiduhomet8_jmjb7mjw&rsv_dl=fyb_top&fr=top1000&wd=%CC%A9%B9%FA%C8%E5%F4%DE%B1%A6%B1%A6%C0%EB%CA%C0,67611
钱塘江鬼王潮将至,http://www.baidu.com/baidu?cl=3&tn=SE_baiduhomet8_jmjb7mjw&rsv_dl=fyb_top&fr=top1000&wd=%C7%AE%CC%C1%BD%AD%B9%ED%CD%F5%B3%B1%BD%AB%D6%C1,61039
女白领发量剩3成,http://www.baidu.com/baidu?cl=3&tn=SE_baiduhomet8_jmjb7mjw&rsv_dl=fyb_top&fr=top1000&wd=%C5%AE%B0%D7%C1%EC%B7%A2%C1%BF%CA%A33%B3%C9,57738
诺基亚7.2曝光,http://www.baidu.com/baidu?cl=3&tn=SE_baiduhomet8_jmjb7mjw&rsv_dl=fyb_top&fr=top1000&wd=%C5%B5%BB%F9%D1%C77.2%C6%D8%B9%E2,54353
吕挺被批准为烈士,http://www.baidu.com/baidu?cl=3&tn=SE_baiduhomet8_jmjb7mjw&rsv_dl=fyb_top&fr=top1000&wd=%C2%C0%CD%A6%B1%BB%C5%FA%D7%BC%CE%AA%C1%D2%CA%BF,50420
外部势力乱港实录,http://www.baidu.com/baidu?cl=3&tn=SE_baiduhomet8_jmjb7mjw&rsv_dl=fyb_top&fr=top1000&wd=%CD%E2%B2%BF%CA%C6%C1%A6%C2%D2%B8%DB%CA%B5%C2%BC,49439
网约车费用1万四,http://www.baidu.com/baidu?cl=3&tn=SE_baiduhomet8_jmjb7mjw&rsv_dl=fyb_top&fr=top1000&wd=%CD%F8%D4%BC%B3%B5%B7%D1%D3%C31%CD%F2%CB%C4,49009
这才是中国青年,http://www.baidu.com/baidu?cl=3&tn=SE_baiduhomet8_jmjb7mjw&rsv_dl=fyb_top&fr=top1000&wd=%D5%E2%B2%C5%CA%C7%D6%D0%B9%FA%C7%E0%C4%EA,45126
驴友私穿贡嘎去世,http://www.baidu.com/baidu?cl=3&tn=SE_baiduhomet8_jmjb7mjw&rsv_dl=fyb_top&fr=top1000&wd=%C2%BF%D3%D1%CB%BD%B4%A9%B9%B1%B8%C2%C8%A5%CA%C0,44924
男孩吃面包身亡,http://www.baidu.com/baidu?cl=3&tn=SE_baiduhomet8_jmjb7mjw&rsv_dl=fyb_top&fr=top1000&wd=%C4%D0%BA%A2%B3%D4%C3%E6%B0%FC%C9%ED%CD%F6,41343
两岁男童误吞水银,http://www.baidu.com/baidu?cl=3&tn=SE_baiduhomet8_jmjb7mjw&rsv_dl=fyb_top&fr=top1000&wd=%C1%BD%CB%EA%C4%D0%CD%AF%CE%F3%CD%CC%CB%AE%D2%F8,40291
波特兰市警告暴力,http://www.baidu.com/baidu?cl=3&tn=SE_baiduhomet8_jmjb7mjw&rsv_dl=fyb_top&fr=top1000&wd=%B2%A8%CC%D8%C0%BC%CA%D0%BE%AF%B8%E6%B1%A9%C1%A6,36351
冰激淋引起的血案,http://www.baidu.com/baidu?cl=3&tn=SE_baiduhomet8_jmjb7mjw&rsv_dl=fyb_top&fr=top1000&wd=%B1%F9%BC%A4%C1%DC%D2%FD%C6%F0%B5%C4%D1%AA%B0%B8,36283
江西托管所凶案,http://www.baidu.com/baidu?cl=3&tn=SE_baiduhomet8_jmjb7mjw&rsv_dl=fyb_top&fr=top1000&wd=%BD%AD%CE%F7%CD%D0%B9%DC%CB%F9%D0%D7%B0%B8,33804
假扮外卖员打女童,http://www.baidu.com/baidu?cl=3&tn=SE_baiduhomet8_jmjb7mjw&rsv_dl=fyb_top&fr=top1000&wd=%BC%D9%B0%E7%CD%E2%C2%F4%D4%B1%B4%F2%C5%AE%CD%AF,32910
男子扫码不付钱,http://www.baidu.com/baidu?cl=3&tn=SE_baiduhomet8_jmjb7mjw&rsv_dl=fyb_top&fr=top1000&wd=%C4%D0%D7%D3%C9%A8%C2%EB%B2%BB%B8%B6%C7%AE,32018
联邦快递涉枪被查,http://www.baidu.com/baidu?cl=3&tn=SE_baiduhomet8_jmjb7mjw&rsv_dl=fyb_top&fr=top1000&wd=%C1%AA%B0%EE%BF%EC%B5%DD%C9%E6%C7%B9%B1%BB%B2%E9,28144
乘奥迪车闯会场,http://www.baidu.com/baidu?cl=3&tn=SE_baiduhomet8_jmjb7mjw&rsv_dl=fyb_top&fr=top1000&wd=%B3%CB%B0%C2%B5%CF%B3%B5%B4%B3%BB%E1%B3%A1,24079
美国海关电脑故障,http://www.baidu.com/baidu?cl=3&tn=SE_baiduhomet8_jmjb7mjw&rsv_dl=fyb_top&fr=top1000&wd=%C3%C0%B9%FA%BA%A3%B9%D8%B5%E7%C4%D4%B9%CA%D5%CF,23435
还1.4万要一半房,http://www.baidu.com/baidu?cl=3&tn=SE_baiduhomet8_jmjb7mjw&rsv_dl=fyb_top&fr=top1000&wd=%BB%B91.4%CD%F2%D2%AA%D2%BB%B0%EB%B7%BF,23270
北师大退档25人,http://www.baidu.com/baidu?cl=3&tn=SE_baiduhomet8_jmjb7mjw&rsv_dl=fyb_top&fr=top1000&wd=%B1%B1%CA%A6%B4%F3%CD%CB%B5%B525%C8%CB,20784
莫斯科大巴事故,http://www.baidu.com/baidu?cl=3&tn=SE_baiduhomet8_jmjb7mjw&rsv_dl=fyb_top&fr=top1000&wd=%C4%AA%CB%B9%BF%C6%B4%F3%B0%CD%CA%C2%B9%CA,20148
沈吉线全线封闭,http://www.baidu.com/baidu?cl=3&tn=SE_baiduhomet8_jmjb7mjw&rsv_dl=fyb_top&fr=top1000&wd=%C9%F2%BC%AA%CF%DF%C8%AB%CF%DF%B7%E2%B1%D5,19772
香港191亿纾民困,http://www.baidu.com/baidu?cl=3&tn=SE_baiduhomet8_jmjb7mjw&rsv_dl=fyb_top&fr=top1000&wd=%CF%E3%B8%DB191%D2%DA%E7%A3%C3%F1%C0%A7,19430
美国下起了塑料雨,http://www.baidu.com/baidu?cl=3&tn=SE_baiduhomet8_jmjb7mjw&rsv_dl=fyb_top&fr=top1000&wd=%C3%C0%B9%FA%CF%C2%C6%F0%C1%CB%CB%DC%C1%CF%D3%EA,18758
北京经济补偿基数,http://www.baidu.com/baidu?cl=3&tn=SE_baiduhomet8_jmjb7mjw&rsv_dl=fyb_top&fr=top1000&wd=%B1%B1%BE%A9%BE%AD%BC%C3%B2%B9%B3%A5%BB%F9%CA%FD,18086
阿富汗婚礼爆炸案,http://www.baidu.com/baidu?cl=3&tn=SE_baiduhomet8_jmjb7mjw&rsv_dl=fyb_top&fr=top1000&wd=%B0%A2%B8%BB%BA%B9%BB%E9%C0%F1%B1%AC%D5%A8%B0%B8,17660
9名国人被绑架,http://www.baidu.com/baidu?cl=3&tn=SE_baiduhomet8_jmjb7mjw&rsv_dl=fyb_top&fr=top1000&wd=9%C3%FB%B9%FA%C8%CB%B1%BB%B0%F3%BC%DC,17592
深圳公安武警练兵,http://www.baidu.com/baidu?cl=3&tn=SE_baiduhomet8_jmjb7mjw&rsv_dl=fyb_top&fr=top1000&wd=%C9%EE%DB%DA%B9%AB%B0%B2%CE%E4%BE%AF%C1%B7%B1%F8,16960
韩国人扎堆到上海,http://www.baidu.com/baidu?cl=3&tn=SE_baiduhomet8_jmjb7mjw&rsv_dl=fyb_top&fr=top1000&wd=%BA%AB%B9%FA%C8%CB%D4%FA%B6%D1%B5%BD%C9%CF%BA%A3,14047
上海农药仓库火灾,http://www.baidu.com/baidu?cl=3&tn=SE_baiduhomet8_jmjb7mjw&rsv_dl=fyb_top&fr=top1000&wd=%C9%CF%BA%A3%C5%A9%D2%A9%B2%D6%BF%E2%BB%F0%D4%D6,12807
反暴力救香港,http://www.baidu.com/baidu?cl=3&tn=SE_baiduhomet8_jmjb7mjw&rsv_dl=fyb_top&fr=top1000&wd=%B7%B4%B1%A9%C1%A6%BE%C8%CF%E3%B8%DB,12332
孟加拉贫民窟火灾,http://www.baidu.com/baidu?cl=3&tn=SE_baiduhomet8_jmjb7mjw&rsv_dl=fyb_top&fr=top1000&wd=%C3%CF%BC%D3%C0%AD%C6%B6%C3%F1%BF%DF%BB%F0%D4%D6,11952
清华大学开学典礼,http://www.baidu.com/baidu?cl=3&tn=SE_baiduhomet8_jmjb7mjw&rsv_dl=fyb_top&fr=top1000&wd=%C7%E5%BB%AA%B4%F3%D1%A7%BF%AA%D1%A7%B5%E4%C0%F1,11582
山东悬赏缉捕逃犯,http://www.baidu.com/baidu?cl=3&tn=SE_baiduhomet8_jmjb7mjw&rsv_dl=fyb_top&fr=top1000&wd=%C9%BD%B6%AB%D0%FC%C9%CD%BC%A9%B2%B6%CC%D3%B7%B8,9805
乔家大院重开,http://www.baidu.com/baidu?cl=3&tn=SE_baiduhomet8_jmjb7mjw&rsv_dl=fyb_top&fr=top1000&wd=%C7%C7%BC%D2%B4%F3%D4%BA%D6%D8%BF%AA,9582
台湾花莲5.0级地震,http://www.baidu.com/baidu?cl=3&tn=SE_baiduhomet8_jmjb7mjw&rsv_dl=fyb_top&fr=top1000&wd=%CC%A8%CD%E5%BB%A8%C1%AB5.0%BC%B6%B5%D8%D5%F0,9439
格陵兰拒绝特朗普,http://www.baidu.com/baidu?cl=3&tn=SE_baiduhomet8_jmjb7mjw&rsv_dl=fyb_top&fr=top1000&wd=%B8%F1%C1%EA%C0%BC%BE%DC%BE%F8%CC%D8%C0%CA%C6%D5,9080
捷龙一号首飞成功,http://www.baidu.com/baidu?cl=3&tn=SE_baiduhomet8_jmjb7mjw&rsv_dl=fyb_top&fr=top1000&wd=%BD%DD%C1%FA%D2%BB%BA%C5%CA%D7%B7%C9%B3%C9%B9%A6,8791
吉林洪涝黄色预警,http://www.baidu.com/baidu?cl=3&tn=SE_baiduhomet8_jmjb7mjw&rsv_dl=fyb_top&fr=top1000&wd=%BC%AA%C1%D6%BA%E9%C0%D4%BB%C6%C9%AB%D4%A4%BE%AF,8659
第十届茅盾文学奖,http://www.baidu.com/baidu?cl=3&tn=SE_baiduhomet8_jmjb7mjw&rsv_dl=fyb_top&fr=top1000&wd=%B5%DA%CA%AE%BD%EC%C3%A9%B6%DC%CE%C4%D1%A7%BD%B1,8263
四姑娘山首张罚单,http://www.baidu.com/baidu?cl=3&tn=SE_baiduhomet8_jmjb7mjw&rsv_dl=fyb_top&fr=top1000&wd=%CB%C4%B9%C3%C4%EF%C9%BD%CA%D7%D5%C5%B7%A3%B5%A5,8071
国泰航空还将换血,http://www.baidu.com/baidu?cl=3&tn=SE_baiduhomet8_jmjb7mjw&rsv_dl=fyb_top&fr=top1000&wd=%B9%FA%CC%A9%BA%BD%BF%D5%BB%B9%BD%AB%BB%BB%D1%AA,7458
中秋节,http://www.baidu.com/baidu?cl=3&tn=SE_baiduhomet8_jmjb7mjw&rsv_dl=fyb_top&fr=top1000&wd=%D6%D0%C7%EF%BD%DA,5373
缅甸5.2级地震,http://www.baidu.com/baidu?cl=3&tn=SE_baiduhomet8_jmjb7mjw&rsv_dl=fyb_top&fr=top1000&wd=%C3%E5%B5%E95.2%BC%B6%B5%D8%D5%F0,5229
上海堡垒作者致歉,http://www.baidu.com/baidu?cl=3&tn=SE_baiduhomet8_jmjb7mjw&rsv_dl=fyb_top&fr=top1000&wd=%C9%CF%BA%A3%B1%A4%C0%DD%D7%F7%D5%DF%D6%C2%C7%B8,4261
成昆铁路救援,http://www.baidu.com/baidu?cl=3&tn=SE_baiduhomet8_jmjb7mjw&rsv_dl=fyb_top&fr=top1000&wd=%B3%C9%C0%A5%CC%FA%C2%B7%BE%C8%D4%AE,4157
台湾4.1级地震,http://www.baidu.com/baidu?cl=3&tn=SE_baiduhomet8_jmjb7mjw&rsv_dl=fyb_top&fr=top1000&wd=%CC%A8%CD%E54.1%BC%B6%B5%D8%D5%F0,3643
消防员吕挺牺牲,http://www.baidu.com/baidu?cl=3&tn=SE_baiduhomet8_jmjb7mjw&rsv_dl=fyb_top&fr=top1000&wd=%CF%FB%B7%C0%D4%B1%C2%C0%CD%A6%CE%FE%C9%FC,3554
,,0
香港刘娟娟病逝,http://www.baidu.com/baidu?cl=3&tn=SE_baiduhomet8_jmjb7mjw&rsv_dl=fyb_top&fr=top1000&wd=%CF%E3%B8%DB%C1%F5%BE%EA%BE%EA%B2%A1%CA%C5,195785
范冰冰分手内幕,http://www.baidu.com/baidu?cl=3&tn=SE_baiduhomet8_jmjb7mjw&rsv_dl=fyb_top&fr=top1000&wd=%B7%B6%B1%F9%B1%F9%B7%D6%CA%D6%C4%DA%C4%BB,79098
具惠善取关安宰贤,http://www.baidu.com/baidu?cl=3&tn=SE_baiduhomet8_jmjb7mjw&rsv_dl=fyb_top&fr=top1000&wd=%BE%DF%BB%DD%C9%C6%C8%A1%B9%D8%B0%B2%D4%D7%CF%CD,61356
徐冬冬饰演小龙女,http://www.baidu.com/baidu?cl=3&tn=SE_baiduhomet8_jmjb7mjw&rsv_dl=fyb_top&fr=top1000&wd=%D0%EC%B6%AC%B6%AC%CA%CE%D1%DD%D0%A1%C1%FA%C5%AE,53998
黄海波复出,http://www.baidu.com/baidu?cl=3&tn=SE_baiduhomet8_jmjb7mjw&rsv_dl=fyb_top&fr=top1000&wd=%BB%C6%BA%A3%B2%A8%B8%B4%B3%F6,45416
具惠善安宰贤离婚,http://www.baidu.com/baidu?cl=3&tn=SE_baiduhomet8_jmjb7mjw&rsv_dl=fyb_top&fr=top1000&wd=%BE%DF%BB%DD%C9%C6%B0%B2%D4%D7%CF%CD%C0%EB%BB%E9,45284
唐僧阿sir现身了,http://www.baidu.com/baidu?cl=3&tn=SE_baiduhomet8_jmjb7mjw&rsv_dl=fyb_top&fr=top1000&wd=%CC%C6%C9%AE%B0%A2sir%CF%D6%C9%ED%C1%CB,44577
演员彼得方达去世,http://www.baidu.com/baidu?cl=3&tn=SE_baiduhomet8_jmjb7mjw&rsv_dl=fyb_top&fr=top1000&wd=%D1%DD%D4%B1%B1%CB%B5%C3%B7%BD%B4%EF%C8%A5%CA%C0,36781
何超莲探班窦骁,http://www.baidu.com/baidu?cl=3&tn=SE_baiduhomet8_jmjb7mjw&rsv_dl=fyb_top&fr=top1000&wd=%BA%CE%B3%AC%C1%AB%CC%BD%B0%E0%F1%BC%E6%E7,32478
中国新说唱,http://www.baidu.com/baidu?cl=3&tn=SE_baiduhomet8_jmjb7mjw&rsv_dl=fyb_top&fr=top1000&wd=%D6%D0%B9%FA%D0%C2%CB%B5%B3%AA,31875
少年问道退出金马,http://www.baidu.com/baidu?cl=3&tn=SE_baiduhomet8_jmjb7mjw&rsv_dl=fyb_top&fr=top1000&wd=%C9%D9%C4%EA%CE%CA%B5%C0%CD%CB%B3%F6%BD%F0%C2%ED,31452
冉莹颖承认生三胎,http://www.baidu.com/baidu?cl=3&tn=SE_baiduhomet8_jmjb7mjw&rsv_dl=fyb_top&fr=top1000&wd=%C8%BD%D3%A8%D3%B1%B3%D0%C8%CF%C9%FA%C8%FD%CC%A5,30156
岳云鹏当爷爷,http://www.baidu.com/baidu?cl=3&tn=SE_baiduhomet8_jmjb7mjw&rsv_dl=fyb_top&fr=top1000&wd=%D4%C0%D4%C6%C5%F4%B5%B1%D2%AF%D2%AF,26896
黄磊晒二女儿画作,http://www.baidu.com/baidu?cl=3&tn=SE_baiduhomet8_jmjb7mjw&rsv_dl=fyb_top&fr=top1000&wd=%BB%C6%C0%DA%C9%B9%B6%FE%C5%AE%B6%F9%BB%AD%D7%F7,23508
赵丽颖将补办婚礼,http://www.baidu.com/baidu?cl=3&tn=SE_baiduhomet8_jmjb7mjw&rsv_dl=fyb_top&fr=top1000&wd=%D5%D4%C0%F6%D3%B1%BD%AB%B2%B9%B0%EC%BB%E9%C0%F1,22329
港姐之母陈紫莲离世,http://www.baidu.com/baidu?cl=3&tn=SE_baiduhomet8_jmjb7mjw&rsv_dl=fyb_top&fr=top1000&wd=%B8%DB%BD%E3%D6%AE%C4%B8%B3%C2%D7%CF%C1%AB%C0%EB%CA%C0,22202
黄晓明中年王子病,http://www.baidu.com/baidu?cl=3&tn=SE_baiduhomet8_jmjb7mjw&rsv_dl=fyb_top&fr=top1000&wd=%BB%C6%CF%FE%C3%F7%D6%D0%C4%EA%CD%F5%D7%D3%B2%A1,21727
熊黛林为老公庆生,http://www.baidu.com/baidu?cl=3&tn=SE_baiduhomet8_jmjb7mjw&rsv_dl=fyb_top&fr=top1000&wd=%D0%DC%F7%EC%C1%D6%CE%AA%C0%CF%B9%AB%C7%EC%C9%FA,21455
林志玲爸爸赞女婿,http://www.baidu.com/baidu?cl=3&tn=SE_baiduhomet8_jmjb7mjw&rsv_dl=fyb_top&fr=top1000&wd=%C1%D6%D6%BE%C1%E1%B0%D6%B0%D6%D4%DE%C5%AE%D0%F6,20628
孙俪请求停止偷拍,http://www.baidu.com/baidu?cl=3&tn=SE_baiduhomet8_jmjb7mjw&rsv_dl=fyb_top&fr=top1000&wd=%CB%EF%D9%B3%C7%EB%C7%F3%CD%A3%D6%B9%CD%B5%C5%C4,18533
王一博方否认恋情,http://www.baidu.com/baidu?cl=3&tn=SE_baiduhomet8_jmjb7mjw&rsv_dl=fyb_top&fr=top1000&wd=%CD%F5%D2%BB%B2%A9%B7%BD%B7%F1%C8%CF%C1%B5%C7%E9,14084
梁静茹被曝婚变,http://www.baidu.com/baidu?cl=3&tn=SE_baiduhomet8_jmjb7mjw&rsv_dl=fyb_top&fr=top1000&wd=%C1%BA%BE%B2%C8%E3%B1%BB%C6%D8%BB%E9%B1%E4,13290
闫妮与男友分手,http://www.baidu.com/baidu?cl=3&tn=SE_baiduhomet8_jmjb7mjw&rsv_dl=fyb_top&fr=top1000&wd=%E3%C6%C4%DD%D3%EB%C4%D0%D3%D1%B7%D6%CA%D6,11534
黄晓明买两台冰箱,http://www.baidu.com/baidu?cl=3&tn=SE_baiduhomet8_jmjb7mjw&rsv_dl=fyb_top&fr=top1000&wd=%BB%C6%CF%FE%C3%F7%C2%F2%C1%BD%CC%A8%B1%F9%CF%E4,5764
郎平骑单车去医院,http://www.baidu.com/baidu?cl=3&tn=SE_baiduhomet8_jmjb7mjw&rsv_dl=fyb_top&fr=top1000&wd=%C0%C9%C6%BD%C6%EF%B5%A5%B3%B5%C8%A5%D2%BD%D4%BA,4486
上海堡垒作者致歉,http://www.baidu.com/baidu?cl=3&tn=SE_baiduhomet8_jmjb7mjw&rsv_dl=fyb_top&fr=top1000&wd=%C9%CF%BA%A3%B1%A4%C0%DD%D7%F7%D5%DF%D6%C2%C7%B8,4261
章泽天赴剑桥读书,http://www.baidu.com/baidu?cl=3&tn=SE_baiduhomet8_jmjb7mjw&rsv_dl=fyb_top&fr=top1000&wd=%D5%C2%D4%F3%CC%EC%B8%B0%BD%A3%C7%C5%B6%C1%CA%E9,4237
胡歌真的困了,http://www.baidu.com/baidu?cl=3&tn=SE_baiduhomet8_jmjb7mjw&rsv_dl=fyb_top&fr=top1000&wd=%BA%FA%B8%E8%D5%E6%B5%C4%C0%A7%C1%CB,2585
陈情令演唱会,http://www.baidu.com/baidu?cl=3&tn=SE_baiduhomet8_jmjb7mjw&rsv_dl=fyb_top&fr=top1000&wd=%B3%C2%C7%E9%C1%EE%D1%DD%B3%AA%BB%E1,2581
共青团批评薛之谦,http://www.baidu.com/baidu?cl=3&tn=SE_baiduhomet8_jmjb7mjw&rsv_dl=fyb_top&fr=top1000&wd=%B9%B2%C7%E0%CD%C5%C5%FA%C6%C0%D1%A6%D6%AE%C7%AB,2032
爱情珠宝,http://www.baidu.com/baidu?cl=3&tn=SE_baiduhomet8_jmjb7mjw&rsv_dl=fyb_top&fr=top1000&wd=%B0%AE%C7%E9%D6%E9%B1%A6,1462
名模刘娟娟去世,http://www.baidu.com/baidu?cl=3&tn=SE_baiduhomet8_jmjb7mjw&rsv_dl=fyb_top&fr=top1000&wd=%C3%FB%C4%A3%C1%F5%BE%EA%BE%EA%C8%A5%CA%C0,1092
蔻驰不再索赔刘雯,http://www.baidu.com/baidu?cl=3&tn=SE_baiduhomet8_jmjb7mjw&rsv_dl=fyb_top&fr=top1000&wd=%DE%A2%B3%DB%B2%BB%D4%D9%CB%F7%C5%E2%C1%F5%F6%A9,1019
冯绍峰方否认离婚,http://www.baidu.com/baidu?cl=3&tn=SE_baiduhomet8_jmjb7mjw&rsv_dl=fyb_top&fr=top1000&wd=%B7%EB%C9%DC%B7%E5%B7%BD%B7%F1%C8%CF%C0%EB%BB%E9,1000
密室大逃脱,http://www.baidu.com/baidu?cl=3&tn=SE_baiduhomet8_jmjb7mjw&rsv_dl=fyb_top&fr=top1000&wd=%C3%DC%CA%D2%B4%F3%CC%D3%CD%D1,994
生化危机2重制版,http://www.baidu.com/baidu?cl=3&tn=SE_baiduhomet8_jmjb7mjw&rsv_dl=fyb_top&fr=top1000&wd=%C9%FA%BB%AF%CE%A3%BB%FA2%D6%D8%D6%C6%B0%E6,991
张艺兴与三星解约,http://www.baidu.com/baidu?cl=3&tn=SE_baiduhomet8_jmjb7mjw&rsv_dl=fyb_top&fr=top1000&wd=%D5%C5%D2%D5%D0%CB%D3%EB%C8%FD%D0%C7%BD%E2%D4%BC,983
柳岩称暧昧不道德,http://www.baidu.com/baidu?cl=3&tn=SE_baiduhomet8_jmjb7mjw&rsv_dl=fyb_top&fr=top1000&wd=%C1%F8%D1%D2%B3%C6%EA%D3%C3%C1%B2%BB%B5%C0%B5%C2,977
乌镇戏剧节,http://www.baidu.com/baidu?cl=3&tn=SE_baiduhomet8_jmjb7mjw&rsv_dl=fyb_top&fr=top1000&wd=%CE%DA%D5%F2%CF%B7%BE%E7%BD%DA,969
刘雯终止蔻驰合作,http://www.baidu.com/baidu?cl=3&tn=SE_baiduhomet8_jmjb7mjw&rsv_dl=fyb_top&fr=top1000&wd=%C1%F5%F6%A9%D6%D5%D6%B9%DE%A2%B3%DB%BA%CF%D7%F7,966
杨紫李现合体大片,http://www.baidu.com/baidu?cl=3&tn=SE_baiduhomet8_jmjb7mjw&rsv_dl=fyb_top&fr=top1000&wd=%D1%EE%D7%CF%C0%EE%CF%D6%BA%CF%CC%E5%B4%F3%C6%AC,958
风语战士,http://www.baidu.com/baidu?cl=3&tn=SE_baiduhomet8_jmjb7mjw&rsv_dl=fyb_top&fr=top1000&wd=%B7%E7%D3%EF%D5%BD%CA%BF,935
中国大妈,http://www.baidu.com/baidu?cl=3&tn=SE_baiduhomet8_jmjb7mjw&rsv_dl=fyb_top&fr=top1000&wd=%D6%D0%B9%FA%B4%F3%C2%E8,902
谢霆锋 王菲,http://www.baidu.com/baidu?cl=3&tn=SE_baiduhomet8_jmjb7mjw&rsv_dl=fyb_top&fr=top1000&wd=%D0%BB%F6%AA%B7%E6%20%CD%F5%B7%C6,897
王思聪房祖名聚餐,http://www.baidu.com/baidu?cl=3&tn=SE_baiduhomet8_jmjb7mjw&rsv_dl=fyb_top&fr=top1000&wd=%CD%F5%CB%BC%B4%CF%B7%BF%D7%E6%C3%FB%BE%DB%B2%CD,890
风语者,http://www.baidu.com/baidu?cl=3&tn=SE_baiduhomet8_jmjb7mjw&rsv_dl=fyb_top&fr=top1000&wd=%B7%E7%D3%EF%D5%DF,887
韩国演艺圈悲惨事件,http://www.baidu.com/baidu?cl=3&tn=SE_baiduhomet8_jmjb7mjw&rsv_dl=fyb_top&fr=top1000&wd=%BA%AB%B9%FA%D1%DD%D2%D5%C8%A6%B1%AF%B2%D2%CA%C2%BC%FE,881
妻子的浪漫旅行,http://www.baidu.com/baidu?cl=3&tn=SE_baiduhomet8_jmjb7mjw&rsv_dl=fyb_top&fr=top1000&wd=%C6%DE%D7%D3%B5%C4%C0%CB%C2%FE%C2%C3%D0%D0,871
两小无猜,http://www.baidu.com/baidu?cl=3&tn=SE_baiduhomet8_jmjb7mjw&rsv_dl=fyb_top&fr=top1000&wd=%C1%BD%D0%A1%CE%DE%B2%C2,863
模特核电站不雅照,http://www.baidu.com/baidu?cl=3&tn=SE_baiduhomet8_jmjb7mjw&rsv_dl=fyb_top&fr=top1000&wd=%C4%A3%CC%D8%BA%CB%B5%E7%D5%BE%B2%BB%D1%C5%D5%D5,844
曝林书豪加盟首钢,http://www.baidu.com/baidu?cl=3&tn=SE_baiduhomet8_jmjb7mjw&rsv_dl=fyb_top&fr=top1000&wd=%C6%D8%C1%D6%CA%E9%BA%C0%BC%D3%C3%CB%CA%D7%B8%D6,26522
巴萨惨遭绝杀,http://www.baidu.com/baidu?cl=3&tn=SE_baiduhomet8_jmjb7mjw&rsv_dl=fyb_top&fr=top1000&wd=%B0%CD%C8%F8%B2%D2%D4%E2%BE%F8%C9%B1,12577
谷爱凌中国首冠,http://www.baidu.com/baidu?cl=3&tn=SE_baiduhomet8_jmjb7mjw&rsv_dl=fyb_top&fr=top1000&wd=%B9%C8%B0%AE%C1%E8%D6%D0%B9%FA%CA%D7%B9%DA,12565
福克斯退美国男篮,http://www.baidu.com/baidu?cl=3&tn=SE_baiduhomet8_jmjb7mjw&rsv_dl=fyb_top&fr=top1000&wd=%B8%A3%BF%CB%CB%B9%CD%CB%C3%C0%B9%FA%C4%D0%C0%BA,12023
武磊为国足出战,http://www.baidu.com/baidu?cl=3&tn=SE_baiduhomet8_jmjb7mjw&rsv_dl=fyb_top&fr=top1000&wd=%CE%E4%C0%DA%CE%AA%B9%FA%D7%E3%B3%F6%D5%BD,10079
世警会闭幕式,http://www.baidu.com/baidu?cl=3&tn=SE_baiduhomet8_jmjb7mjw&rsv_dl=fyb_top&fr=top1000&wd=%CA%C0%BE%AF%BB%E1%B1%D5%C4%BB%CA%BD,9020
宁王回归首发,http://www.baidu.com/baidu?cl=3&tn=SE_baiduhomet8_jmjb7mjw&rsv_dl=fyb_top&fr=top1000&wd=%C4%FE%CD%F5%BB%D8%B9%E9%CA%D7%B7%A2,7294
女篮大胜波多黎各,http://www.baidu.com/baidu?cl=3&tn=SE_baiduhomet8_jmjb7mjw&rsv_dl=fyb_top&fr=top1000&wd=%C5%AE%C0%BA%B4%F3%CA%A4%B2%A8%B6%E0%C0%E8%B8%F7,5040
英超,http://www.baidu.com/baidu?cl=3&tn=SE_baiduhomet8_jmjb7mjw&rsv_dl=fyb_top&fr=top1000&wd=%D3%A2%B3%AC,4575
塔克退出美国男篮,http://www.baidu.com/baidu?cl=3&tn=SE_baiduhomet8_jmjb7mjw&rsv_dl=fyb_top&fr=top1000&wd=%CB%FE%BF%CB%CD%CB%B3%F6%C3%C0%B9%FA%C4%D0%C0%BA,3946
国奥集训名单,http://www.baidu.com/baidu?cl=3&tn=SE_baiduhomet8_jmjb7mjw&rsv_dl=fyb_top&fr=top1000&wd=%B9%FA%B0%C2%BC%AF%D1%B5%C3%FB%B5%A5,3251
西甲,http://www.baidu.com/baidu?cl=3&tn=SE_baiduhomet8_jmjb7mjw&rsv_dl=fyb_top&fr=top1000&wd=%CE%F7%BC%D7,1393
中超,http://www.baidu.com/baidu?cl=3&tn=SE_baiduhomet8_jmjb7mjw&rsv_dl=fyb_top&fr=top1000&wd=%D6%D0%B3%AC,1363
中甲,http://www.baidu.com/baidu?cl=3&tn=SE_baiduhomet8_jmjb7mjw&rsv_dl=fyb_top&fr=top1000&wd=%D6%D0%BC%D7,1274
英超直播,http://www.baidu.com/baidu?cl=3&tn=SE_baiduhomet8_jmjb7mjw&rsv_dl=fyb_top&fr=top1000&wd=%D3%A2%B3%AC%D6%B1%B2%A5,1219
西甲直播,http://www.baidu.com/baidu?cl=3&tn=SE_baiduhomet8_jmjb7mjw&rsv_dl=fyb_top&fr=top1000&wd=%CE%F7%BC%D7%D6%B1%B2%A5,977
中甲积分榜,http://www.baidu.com/baidu?cl=3&tn=SE_baiduhomet8_jmjb7mjw&rsv_dl=fyb_top&fr=top1000&wd=%D6%D0%BC%D7%BB%FD%B7%D6%B0%F1,973
德甲,http://www.baidu.com/baidu?cl=3&tn=SE_baiduhomet8_jmjb7mjw&rsv_dl=fyb_top&fr=top1000&wd=%B5%C2%BC%D7,966
女排亚锦赛,http://www.baidu.com/baidu?cl=3&tn=SE_baiduhomet8_jmjb7mjw&rsv_dl=fyb_top&fr=top1000&wd=%C5%AE%C5%C5%D1%C7%BD%F5%C8%FC,965
意甲,http://www.baidu.com/baidu?cl=3&tn=SE_baiduhomet8_jmjb7mjw&rsv_dl=fyb_top&fr=top1000&wd=%D2%E2%BC%D7,951
足协杯,http://www.baidu.com/baidu?cl=3&tn=SE_baiduhomet8_jmjb7mjw&rsv_dl=fyb_top&fr=top1000&wd=%D7%E3%D0%AD%B1%AD,936
篮球世界杯,http://www.baidu.com/baidu?cl=3&tn=SE_baiduhomet8_jmjb7mjw&rsv_dl=fyb_top&fr=top1000&wd=%C0%BA%C7%F2%CA%C0%BD%E7%B1%AD,916
武磊身披7号球衣,http://www.baidu.com/baidu?cl=3&tn=SE_baiduhomet8_jmjb7mjw&rsv_dl=fyb_top&fr=top1000&wd=%CE%E4%C0%DA%C9%ED%C5%FB7%BA%C5%C7%F2%D2%C2,900
法甲,http://www.baidu.com/baidu?cl=3&tn=SE_baiduhomet8_jmjb7mjw&rsv_dl=fyb_top&fr=top1000&wd=%B7%A8%BC%D7,884
北京国安,http://www.baidu.com/baidu?cl=3&tn=SE_baiduhomet8_jmjb7mjw&rsv_dl=fyb_top&fr=top1000&wd=%B1%B1%BE%A9%B9%FA%B0%B2,883
铁三被取消成绩,http://www.baidu.com/baidu?cl=3&tn=SE_baiduhomet8_jmjb7mjw&rsv_dl=fyb_top&fr=top1000&wd=%CC%FA%C8%FD%B1%BB%C8%A1%CF%FB%B3%C9%BC%A8,882
中国男篮,http://www.baidu.com/baidu?cl=3&tn=SE_baiduhomet8_jmjb7mjw&rsv_dl=fyb_top&fr=top1000&wd=%D6%D0%B9%FA%C4%D0%C0%BA,880
小马丁内斯离世,http://www.baidu.com/baidu?cl=3&tn=SE_baiduhomet8_jmjb7mjw&rsv_dl=fyb_top&fr=top1000&wd=%D0%A1%C2%ED%B6%A1%C4%DA%CB%B9%C0%EB%CA%C0,860
男球员尿检怀孕,http://www.baidu.com/baidu?cl=3&tn=SE_baiduhomet8_jmjb7mjw&rsv_dl=fyb_top&fr=top1000&wd=%C4%D0%C7%F2%D4%B1%C4%F2%BC%EC%BB%B3%D4%D0,853
屠呦呦团队新突破,http://www.baidu.com/baidu?cl=3&tn=SE_baiduhomet8_jmjb7mjw&rsv_dl=fyb_top&fr=top1000&wd=%CD%C0%DF%CF%DF%CF%CD%C5%B6%D3%D0%C2%CD%BB%C6%C6,851
英超积分榜,http://www.baidu.com/baidu?cl=3&tn=SE_baiduhomet8_jmjb7mjw&rsv_dl=fyb_top&fr=top1000&wd=%D3%A2%B3%AC%BB%FD%B7%D6%B0%F1,845
考辛斯韧带撕裂,http://www.baidu.com/baidu?cl=3&tn=SE_baiduhomet8_jmjb7mjw&rsv_dl=fyb_top&fr=top1000&wd=%BF%BC%D0%C1%CB%B9%C8%CD%B4%F8%CB%BA%C1%D1,843
篮球公园,http://www.baidu.com/baidu?cl=3&tn=SE_baiduhomet8_jmjb7mjw&rsv_dl=fyb_top&fr=top1000&wd=%C0%BA%C7%F2%B9%AB%D4%B0,831
亚冠,http://www.baidu.com/baidu?cl=3&tn=SE_baiduhomet8_jmjb7mjw&rsv_dl=fyb_top&fr=top1000&wd=%D1%C7%B9%DA,820
周琦签约新疆男篮,http://www.baidu.com/baidu?cl=3&tn=SE_baiduhomet8_jmjb7mjw&rsv_dl=fyb_top&fr=top1000&wd=%D6%DC%E7%F9%C7%A9%D4%BC%D0%C2%BD%AE%C4%D0%C0%BA,814
香港警队男足夺冠,http://www.baidu.com/baidu?cl=3&tn=SE_baiduhomet8_jmjb7mjw&rsv_dl=fyb_top&fr=top1000&wd=%CF%E3%B8%DB%BE%AF%B6%D3%C4%D0%D7%E3%B6%E1%B9%DA,811
拜仁2-2柏林赫塔,http://www.baidu.com/baidu?cl=3&tn=SE_baiduhomet8_jmjb7mjw&rsv_dl=fyb_top&fr=top1000&wd=%B0%DD%C8%CA2-2%B0%D8%C1%D6%BA%D5%CB%FE,715
杨方旭被禁赛,http://www.baidu.com/baidu?cl=3&tn=SE_baiduhomet8_jmjb7mjw&rsv_dl=fyb_top&fr=top1000&wd=%D1%EE%B7%BD%D0%F1%B1%BB%BD%FB%C8%FC,715
直布罗陀,http://www.baidu.com/baidu?cl=3&tn=SE_baiduhomet8_jmjb7mjw&rsv_dl=fyb_top&fr=top1000&wd=%D6%B1%B2%BC%C2%DE%CD%D3,689
长春亚泰,http://www.baidu.com/baidu?cl=3&tn=SE_baiduhomet8_jmjb7mjw&rsv_dl=fyb_top&fr=top1000&wd=%B3%A4%B4%BA%D1%C7%CC%A9,670
kpl转会,http://www.baidu.com/baidu?cl=3&tn=SE_baiduhomet8_jmjb7mjw&rsv_dl=fyb_top&fr=top1000&wd=kpl%D7%AA%BB%E1,574
曼城vs热刺,http://www.baidu.com/baidu?cl=3&tn=SE_baiduhomet8_jmjb7mjw&rsv_dl=fyb_top&fr=top1000&wd=%C2%FC%B3%C7vs%C8%C8%B4%CC,554
火箭少女身高体重,http://www.baidu.com/baidu?cl=3&tn=SE_baiduhomet8_jmjb7mjw&rsv_dl=fyb_top&fr=top1000&wd=%BB%F0%BC%FD%C9%D9%C5%AE%C9%ED%B8%DF%CC%E5%D6%D8,547
西甲积分榜,http://www.baidu.com/baidu?cl=3&tn=SE_baiduhomet8_jmjb7mjw&rsv_dl=fyb_top&fr=top1000&wd=%CE%F7%BC%D7%BB%FD%B7%D6%B0%F1,527
rotk,http://www.baidu.com/baidu?cl=3&tn=SE_baiduhomet8_jmjb7mjw&rsv_dl=fyb_top&fr=top1000&wd=rotk,521
天津女排,http://www.baidu.com/baidu?cl=3&tn=SE_baiduhomet8_jmjb7mjw&rsv_dl=fyb_top&fr=top1000&wd=%CC%EC%BD%F2%C5%AE%C5%C5,513
美国男篮,http://www.baidu.com/baidu?cl=3&tn=SE_baiduhomet8_jmjb7mjw&rsv_dl=fyb_top&fr=top1000&wd=%C3%C0%B9%FA%C4%D0%C0%BA,499
马德里竞技,http://www.baidu.com/baidu?cl=3&tn=SE_baiduhomet8_jmjb7mjw&rsv_dl=fyb_top&fr=top1000&wd=%C2%ED%B5%C2%C0%EF%BE%BA%BC%BC,488
莱斯特城,http://www.baidu.com/baidu?cl=3&tn=SE_baiduhomet8_jmjb7mjw&rsv_dl=fyb_top&fr=top1000&wd=%C0%B3%CB%B9%CC%D8%B3%C7,462
ig电子竞技俱乐部,http://www.baidu.com/baidu?cl=3&tn=SE_baiduhomet8_jmjb7mjw&rsv_dl=fyb_top&fr=top1000&wd=ig%B5%E7%D7%D3%BE%BA%BC%BC%BE%E3%C0%D6%B2%BF,456
